index	sentence1	sentence2	label
0	World leaders expressed concern on Thursday that North Korea will quit six-party nuclear disarmament talks and will  bolster its nuclear weapons arsenal.	North Korea says it has a stockpile of nuclear weapons and is building more.	not_entailment
1	In addition to establishing the electoral commission, the laws also concern nationality, a contentious issue since citizenship laws were tightened to exclude one of Gbagbo's main competitors from the 2000 presidential race, former prime minister Alassane Ouattara.	Gbagbo is a competitor of Ouattara.	entailment
2	Mohandas Karamchand Gandhi never received the Nobel Peace Prize, though he was nominated for it five times between 1937 and 1948.	Mohandas received the Nobel Prize in 1989.	not_entailment
3	The Christian Democrats (CDU) won 35.2% of the vote, or 225 seats, against 34.3% for Chancellor Gerhard Schroeder's Social Democrats (SPD).	It seems unlikely that there will be a coalition between Gerhard Schroeder's Social Democrats and Angela Merkel's Christian Democratic Union.	not_entailment
4	Edward VIII became King in January of 1936 and abdicated in December.	King Edward VIII abdicated in December 1936.	entailment
5	The industrial espionage case involving GM and VW began with the hiring of Jos Ignacio Lopez, an employee of GM subsidiary Adam Opel, by VW as production director.	There was an industrial espionage case involving GM and VW.	entailment
6	Rockweed has been harvested commercially in Nova Scotia since the late 1950's and is currently the most important commercial seaweed in Atlantic Canada.	Marine vegetation is  harvested.	entailment
7	Pakistan President Pervez Musharraf has ordered security forces to take firm action against rioters following the assassination of opposition leader Benazir Bhutto. The violence has left at least 44 people dead and dozens injured. Mr. Musharraf insisted the measures were to protect people. VOA's Ayaz Gul reports from Islamabad that a bitter dispute has also erupted over how the 54-year-old politician died and who was behind her assassination.	Musharraf has ordered rioters to take firm action against security forces.	not_entailment
8	A month after Gov. David A. Paterson dropped his proposal for a soda tax, New York City's health commissioner has written an article advocating "hefty" taxes on sodas and sports drinks containing sugar. Such a tax, the article said, could be the biggest boon to public health since tobacco taxes. The commissioner, Dr. Thomas R. Frieden, and Kelly D. Brownell of Yale University, his co-author, argue in the New England Journal of Medicine that a tax of a penny per ounce could reduce consumption by more than 10 percent and raise $1.2 billion a year in New York State alone.	Michael Bloomberg is the mayor of New York.	not_entailment
9	Officials said the Finnish suspect was among the dead but did not provide a motive for the attack.	Officials said that the suspect, a Finnish citizen, was among the dead.	entailment
10	Britain agreed to lift by March 31 a 150-mile military protection zone enforced around the islands since Argentina invaded them in 1982.	The military protection zone around Falklands was lifted.	entailment
11	The ferry owner PT Nur Budi's spokesman blamed Indonesian port authorities for the tragedy. "The passenger capacity of the ferry is 205 people but the port administrator accepted more passengers as they thought it was possible," he said. The National Meteorological and Geophysics Agency, however, had published and raised an alert signal about high waves on Friday. It specifically stated that "Saturday 10th and Sunday 11th, Indonesian waters would have witnessed storm force waves," but despite the dire warnings KM Teratai set for the seas.	An Indonesian ferry with 300 passengers sank.	not_entailment
12	Tension and battles between Greek police and anarchist demonstrators took place in the centre of Athens, Greece, during the anti-war demonstration of the 4th European Social Forum which is taking place in the Greek capital, from 4 to 7 of May 2006. The march of the approximately 1,000 anarchists ended with clashes between groups of anarchists and police. Riot police used tear gas, while a branch of a Greek bank, a fast-food store and around 50 shop windows in central Athens were damaged.	The riots in Greece started on December 6.	not_entailment
13	Libya's case against Britain and the US concerns the dispute over their demand for extradition of Libyans charged with blowing up a Pan Am jet over Lockerbie in 1988.	One case involved the extradition of Libyan suspects in the Pan Am Lockerbie bombing.	entailment
14	Argentina sought help from Britain on its privatization program and encouraged British investment.	Argentina sought UK expertise on privatization and agriculture.	not_entailment
15	"Instead of action on crime, we got the federal long gun registry, which became a bloated bureaucratic nightmare to responsible hunters, farmers and rural Canadians. It cost taxpayers some CA$2 billion and it hasn't done a thing to reduce gun crime." said Harper. The Conservatives have provided amnesty for unregistered gun owners. At this time there is no legislation set before the House of Commons. Conservative Garry Breitkreuz from Saskatchewan tabled the bill killing the long-gun registry.	Garry Breitkreuz is a member of the Conservative Party.	entailment
16	The British tabloids portrayed Nicholas Leeson as a working-class villain who single-handedly brought down Barings PLC, a 233-year-old London merchant bank that helped finance the Napoleonic wars.	Barings was Britain's oldest merchant bank.	not_entailment
17	The article also mentions the greater prevalence of obesity among two minority populations, African-Americans and Hispanic/Latino, but does not consider in its analysis of the increase in obesity the increase of these these populations as a proportion of the United States population.  African-Americans and Hispanic/Latinos have a higher rates of obesity than White Americans, while Asian-Americans have a relatively low rate of obesity. Despite only representing one third of the U.S. population, African-Americans and Hispanic/Latinos represent about one half of the population growth.	African-Americans are a minority in the U.S.	entailment
18	Tyson, who served three years in jail for rape in the 1990s and who bit off part of Evander Holyfield's ear during a 1997 fight, still thinks he can be heavyweight champion again.	Mike Tyson bit Holyfield's ear in 1990.	not_entailment
19	The University has also apologized for the incident saying, "[we] are very sorry that the incident happened and the person will be dealt with according to law. The university is a place for discussion, debate and considered argument, not for shoe throwing". According to authorities, there was never any real threat to the prime minister. The man will appear before a judge on February 10.	A man threw a shoe at the Prime Minister.	entailment
20	Nine months later, John Glenn becomes the first American man to orbit the Earth.	John Glenn was the first man in orbit.	not_entailment
21	Since the island also lacks wells, water has to be obtained from rain carefully collected in concrete cisterns.	The island gets water from collected rain.	entailment
22	As late as 1799, priests were still being imprisoned or deported to penal colonies and persecution only worsened after the French army led by General Louis Alexandre Berthier captured Rome and imprisoned Pope Pius VI, who would die in captivity in Valence, Dr√¥me, France in August of 1799.	Alexandre Berthier died in 1799.	not_entailment
23	The 10-men team is expected to arrive at the foot of the mountain in the end of April and began their journey to the 8,586-meter peak in early May.	Kanchenjunga is 8586 meters high.	not_entailment
24	ISLAMABAD, Pakistan (CNN) -- Taliban militants made their deepest incursion into Pakistan this week, seizing control of areas that are a short drive from the capital city.  A Pakistani government official said the militants fully withdrew from the Buner district on Friday, although other officials cast doubt on the extent of the pullout and how long it would last. Buner is only 60 miles outside Islamabad. The situation is particularly concerning because Pakistan is a nuclear-armed state. The Islamic republic is believed to have between 30 and 40 nuclear warheads, according to the U.N. nuclear watchdog, the International Atomic Energy Agency (IAEA).	Pakistan's nuclear arsenal creates concerns.	entailment
25	Friday, March 25, 2005 Terri Schiavo's father made a last-minute appeal to have his daughter's feeding tube reinserted Friday. "Terri is weakening. She's down to her last hours," said Bob Schindler, Schiavo's father. "Something has to be done and done quick." Bob Schindler and his wife Mary filed an emergency appeal Friday to have a feeding tube reinserted in their 41-year-old daughter. Earlier Friday, U.S. District Judge James Whittemore rejected the family's previous appeal. On Wednesday, he rejected a similar request. The new appeal will be filed in the 11th Circuit Court of Appeals in Atlanta, although that court has twice before rejected the family's appeal. The tube was removed on Friday, March 18, 2005.	Bob Schindler married Mary.	entailment
26	95% of the Gulf of Mexico's oil output is now out of service following Katrina, together with more than 83% of natural gas production.	Crude oil prices have hit fresh highs as fears grow over the extent of damage, done by Hurricane Katrina, to oil output in the Gulf of Mexico.	not_entailment
27	Toshiba, the world's third-largest notebook computer maker behind Dell Inc. and Hewlett-Packard Co., said the PC would be introduced in Japan in early 2006.	Toshiba is a subsidiary of Dell Inc.	not_entailment
28	Hacking reported his wife missing on July 19, a Monday.	Mark Hacking was booked into the Salt Lake County Jail on Monday.	not_entailment
29	British mountaineer Alison Hargreaves becomes the first woman to climb Mount Everest alone and without oxygen tanks.	A woman succeeds in climbing Everest solo.	entailment
30	ON 29 June the Dutch right-wing coalition government collapsed. It was made up of the Christian-democrats (CDA) led by Prime Minister Jan Peter Balkenende, the right wing liberal party (VVD) and the so-called 'left-liberal' D66.	Three parties form a Dutch coalition government.	entailment
31	The Kinston Indians are a minor league baseball team in Kinston, North Carolina. The team, a Class A affiliate of the Cleveland Indians, plays in the Carolina League.	Kinston Indians participate in the Carolina League.	entailment
